<keymap version="1" name="macOS copy" parent="Mac OS X 10.5+">
  <action id="Android.SyncProject">
    <keyboard-shortcut first-keystroke="shift meta g" />
  </action>
  <action id="CIDR.Debugger.CopyAddress" />
  <action id="CleanGradleProject">
    <keyboard-shortcut first-keystroke="shift meta c" />
  </action>
  <action id="CopyAbsolutePath" />
  <action id="CopyPaths" />
  <action id="EditorDeleteLine">
    <keyboard-shortcut first-keystroke="meta back_space" />
    <keyboard-shortcut first-keystroke="meta y" />
  </action>
  <action id="FindNext" />
  <action id="FindPrevious" />
  <action id="GotoLine">
    <keyboard-shortcut first-keystroke="meta g" />
  </action>
  <action id="GotoSymbol" />
  <action id="GotoTypeDeclaration">
    <keyboard-shortcut first-keystroke="shift ctrl b" />
    <mouse-shortcut keystroke="shift meta button1" />
  </action>
  <action id="NewAndroidVectorAsset">
    <keyboard-shortcut first-keystroke="shift meta v" />
  </action>
  <action id="OptimizeImports">
    <keyboard-shortcut first-keystroke="meta alt o" />
  </action>
  <action id="PasteMultiple" />
  <action id="QuickImplementations">
    <keyboard-shortcut first-keystroke="alt space" />
  </action>
  <action id="RebuildGradleProject">
    <keyboard-shortcut first-keystroke="shift meta b" />
  </action>
  <action id="ReformatCode">
    <keyboard-shortcut first-keystroke="ctrl meta l" />
    <keyboard-shortcut first-keystroke="meta alt l" />
  </action>
  <action id="ReplaceInPath" />
  <action id="Run">
    <keyboard-shortcut first-keystroke="ctrl r" />
    <keyboard-shortcut first-keystroke="shift meta r" />
  </action>
  <action id="WelcomeScreen.CopyProjectPath" />
  <action id="android.deploy.ApplyChanges">
    <keyboard-shortcut first-keystroke="ctrl meta e" />
  </action>
  <action id="android.deploy.CodeSwap">
    <keyboard-shortcut first-keystroke="shift ctrl meta e" />
  </action>
</keymap>