<keymap version="1" name="Windows copy" parent="$default">
  <action id="Android.SyncProject">
    <keyboard-shortcut first-keystroke="shift ctrl g" />
  </action>
  <action id="CIDR.Debugger.CopyAddress" />
  <action id="CleanGradleProject">
    <keyboard-shortcut first-keystroke="shift ctrl c" />
  </action>
  <action id="CloseContent">
    <keyboard-shortcut first-keystroke="ctrl f4" />
    <keyboard-shortcut first-keystroke="ctrl w" />
  </action>
  <action id="CopyAbsolutePath" />
  <action id="CopyPaths" />
  <action id="EditorSelectWord" />
  <action id="GotoTypeDeclaration">
    <mouse-shortcut keystroke="shift control button1" />
  </action>
  <action id="RebuildGradleProject">
    <keyboard-shortcut first-keystroke="shift ctrl b" />
  </action>
  <action id="SmartSelect" />
  <action id="UsageFiltering.WriteAccess" />
  <action id="WelcomeScreen.CopyProjectPath" />
  <action id="org.intellij.plugins.markdown.ui.actions.styling.ToggleCodeSpanAction" />
</keymap>